{
    "loss": 5.610975742340088,
    "accuracy": 0.5035971403121948
}