{
    "loss": 3.425010919570923,
    "accuracy": 0.5035971403121948
}